﻿<?xml version="1.0" encoding="utf-8" ?>
<initialisation>
	<realtimeURL>http://www.sanday.org.uk/weather/realtime.txt</realtimeURL>
	<sitename>Sanday weather</sitename>
	<interval>5</interval>
	<gustlabel>Wind Gust</gustlabel>
	<windlabel>Wind Speed</windlabel>
	<winddirlabel>Wind Direction</winddirlabel>
	<templabel>Temp</templabel>
	<dewpointlabel>Dew Point</dewpointlabel>
	<windchilllabel>Wind Chill</windchilllabel>
	<humiditylabel>Humidity</humiditylabel>
	<pressurelabel>Pressure</pressurelabel>
	<dailyrainlabel>Daily Rain</dailyrainlabel>
	<monthlyrainlabel>Monthly Rain</monthlyrainlabel>
	<annualrainlabel>Annual Rain</annualrainlabel>
	<fullscreenlabel>Full screen</fullscreenlabel>
	<backgroundtopcolour>B4B4B4</backgroundtopcolour>
	<backgroundbottomcolour>000000</backgroundbottomcolour>
	<fontcolour>FFFFFF</fontcolour>
</initialisation>